local_name,state_name,average_score,lat,lon
 Abbotsford, BC,3.9625,49.0504,-122.3
 Aberdeen, WA,4.5,45.4646,-98.468
 Abilene, TX,3.0375,38.923,-97.2251
 Abingdon, VA,4.75,36.7089,-81.9713
 Ada, OH,3.925,40.768,-83.8252
 Addison, IL,1,41.9314,-88.0085
 Adrian, MI,3.85,41.8994,-84.0446
 Aiken, SC,4.275,33.5303,-81.727
 Akron, OH,4.169565217,41.0802,-81.5219
 Alameda, CA,3.8,37.767,-122.2673
 Albany, GA,4.5,44.6274,-123.0966
 Albany, NY,3.177777778,44.6274,-123.0966
 Albany, OR,3.65,44.6274,-123.0966
 Albuquerque, NM,3.927027027,35.1053,-106.6464
 Alexandria, GLASGOW,3,38.9622,-84.386
 Alexandria, LA,3.633333333,38.9622,-84.386
 Alexandria, VA,4.2,38.9622,-84.386
 Allen Park, MI,4.425,42.2595,-83.2107
 Allendale, MI,3.4375,41.0333,-74.1333
 Allendale, SC,5,41.0333,-74.1333
 Allentown, PA,3.7,40.5961,-75.4756
 Alma, MI,2.5,43.38,-84.6556
 Alpena, MI,2.9,45.074,-83.4399
 Altamonte Springs, FL,3.88,28.6615,-81.3952
 Altoona, PA,3.742857143,41.6461,-93.4758
 Alvin, TX,2,29.3871,-95.2934
 Ambler, PA,2.9,40.1564,-75.2215
 Americus, GA,3.4,32.0736,-84.2249
 Ames, IA,3.8625,42.0261,-93.6279
 Amherst, MA,3.808571429,41.4022,-82.2303
 Anaheim, CA,1,33.839,-117.8572
 Anchorage, AK,3.813333333,61.1508,-149.1091
 Anderson, IN,3.35,34.5212,-82.6479
 Anderson, SC,3.9,34.5212,-82.6479
 Andover, KS,3.2375,37.6868,-97.1353
 Andover, MA,3.65,37.6868,-97.1353
 Angola, IN,5,41.6432,-85.0051
 Ankeny, IA,3.05,41.728,-93.6031
 Ann Arbor, MI,3.621666667,42.2755,-83.7312
 Annapolis, MD,3.65,38.9706,-76.5047
 Antigonish, NS,4.5,45.6269,-61.9982
 Appleton, WI,4.65,44.2774,-88.3894
 Arcata, CA,4.25,40.862,-124.0754
 Arkadelphia, AR,4.3,34.125,-93.0719
 Arlington, TX,3.863636364,35.2595,-89.668
 Arlington, VA,3.716666667,35.2595,-89.668
 Arnold, MD,3.858823529,38.4294,-90.3725
 Asbury Park, NJ,4.9,40.2226,-74.0117
 Asheboro, NC,4.7,35.7158,-79.8128
 Asheville, NC,3.94,35.5706,-82.5537
 Ashland, OH,4,42.1905,-122.6992
 Ashland, OR,3.85,42.1905,-122.6992
 Astoria, OR,4.4,46.1856,-123.8053
 Athens, GA,3.665384615,39.3269,-82.0988
 Athens, OH,3.515384615,39.3269,-82.0988
 Athens, TX,4,39.3269,-82.0988
 Athens, WV,3,39.3269,-82.0988
 Atlanta, GA,3.809090909,33.7626,-84.4228
 Auburn, AL,4.392307692,44.085,-70.2492
 Auburn, ME,3.925,44.085,-70.2492
 Auburn, NY,4.4,44.085,-70.2492
 Auburn, WA,3.95,44.085,-70.2492
 Auburn Hills, MI,4.4,42.6735,-83.2447
 Augusta, GA,4.26,37.6955,-96.9921
 Augusta, ME,4.5,37.6955,-96.9921
 Aurora, CO,3.5,36.9674,-93.7183
 Aurora, IL,3.7,36.9674,-93.7183
 Aurora, NY,4.4,36.9674,-93.7183
 Austin, TX,3.75625,43.6722,-92.9761
 Avondale, AZ,4.14,33.3858,-112.3236
 Azusa, CA,3.818181818,34.1386,-117.9124
 Bainbridge, GA,5,30.9046,-84.5722
 Bakersfield, CA,3.636842105,35.353,-119.036
 Baltimore, MD,4.029545455,39.3051,-76.6144
 Barnesville, GA,4.35,33.0511,-84.1526
 Barstow, CA,3.3,34.8655,-117.0464
 Batavia, NY,3.366666667,41.8479,-88.3109
 Batavia, OH,4.085714286,41.8479,-88.3109
 Baton Rouge, LA,4.044444444,30.4423,-91.1314
 Battle Creek, MI,4.8,42.2985,-85.2296
 Baytown, TX,3.9,29.7607,-94.9628
 Beaufort, SC,1.55,32.4487,-80.7103
 Beaumont, TX,4,33.9059,-116.9763
 Beckley, WV,4.35,37.7878,-81.1841
 Bedford, MA,4.3,41.3919,-81.5359
 Bel Air, MD,3.475,39.5348,-76.346
 Belleville, MI,2.745454545,38.5165,-89.9899
 Belleville, ON,3.6,38.5165,-89.9899
 Bellevue, WA,3.607692308,39.101,-84.4776
 Bellingham, WA,3.908,48.7543,-122.4687
 Belmont, NC,3.15,37.5154,-122.2955
 Beloit, WI,4.4,42.523,-89.0184
 Belton, TX,2.875,34.5238,-82.4937
 Bemidji, MN,4.15,47.483,-94.8788
 Bend, OR,3.5,44.0562,-121.3087
 Benton Harbor, MI,4.1,42.1159,-86.4488
 Bentonville, AR,4.061538462,36.358,-94.2287
 Berea, KY,4.75,37.5904,-84.2898
 Berea, OH,4.6,37.5904,-84.2898
 Berkeley, CA,4.1125,38.7441,-90.3362
 Bethany, WV,2.5,35.5072,-97.6417
 Bethlehem, PA,3.333333333,40.6266,-75.3679
 Beverly, MA,4.55,42.5681,-70.8627
 Biddeford, ME,3.65,43.4674,-70.4512
 Big Rapids, MI,3.844444444,43.6992,-85.4803
 Big Stone Gap, VA,3,36.8627,-82.7768
 Billings, MT,3.5,45.7889,-108.5503
 Binghamton, NY,3.822580645,42.1014,-75.9093
 Birmingham, AL,4.007692308,42.5447,-83.2166
 Blacksburg, VA,3.22,37.23,-80.428
 Bloomfield, NJ,1.5,36.7398,-107.9733
 Bloomington, IL,4.1,44.8306,-93.3151
 Bloomington, IN,4.089473684,44.8306,-93.3151
 Bloomington, MN,3.8375,44.8306,-93.3151
 Bloomsburg, PA,3.56,41.0027,-76.4561
 Boca Raton, FL,3.971428571,26.3749,-80.1077
 Boise, ID,3.774074074,43.6006,-116.2316
 Bolivar, MO,2.6,37.6057,-93.4175
 Boone, NC,3.666666667,42.053,-93.8771
 Bossier City, LA,3.8,32.523,-93.6666
 Boston, MA,3.753424658,42.3188,-71.0846
 Bothell, WA,4.04,47.7736,-122.2044
 Boulder, CO,3.826315789,40.0249,-105.2523
 Bourbonnais, IL,4.5,41.1831,-87.8781
 Bowie, MD,3.771428571,38.9575,-76.7421
 Bowling Green, KY,3.586363636,36.9721,-86.4367
 Bowling Green, OH,4.163636364,36.9721,-86.4367
 Bozeman, MT,3.9,45.6828,-111.0548
 Bradenton, FL,4.66,27.49,-82.5743
 Bradford, PA,4.875,41.9604,-78.6413
 Brainerd, MN,4.8,46.3553,-94.1982
 Brandon, MB,4.5,43.5928,-96.5799
 Bremerton, WA,4.072727273,47.5436,-122.7122
 Brenham, TX,3.85,30.1585,-96.3962
 Brentwood, NY,4.063636364,38.6195,-90.3475
 Brevard, NC,3.8,35.2438,-82.7264
 Bridgeport, CT,4.1,41.1909,-73.1958
 Bridgewater, MA,3.682758621,38.3863,-78.9675
 Bridgewater, VA,4.9,38.3863,-78.9675
 Bristol, RI,3.6,41.6812,-72.9407
 Brockport, NY,3.658823529,43.2136,-77.9404
 Brockton, MA,3.8,42.0821,-71.0242
 Broken Arrow, OK,3.275,36.0365,-95.7808
 Bronx, NY,3.665909091,40.8501,-73.8662
 Brookings, SD,2.95,44.3022,-96.7859
 Brooklyn, NY,3.969444444,41.4349,-81.7498
 Brooklyn Park, MN,4.222222222,45.1112,-93.3505
 Brookville, NY,4.425,39.8393,-84.4176
 Brunswick, ME,2.5,41.2464,-81.8198
 Bryan, TX,3.514285714,41.4711,-84.5489
 Buffalo, NY,3.566666667,45.1794,-93.8644
 Burbank, CA,1.15,41.7444,-87.7686
 Burlington, ON,5,40.8072,-91.1249
 Burlington, VT,4.16,40.8072,-91.1249
 Butler, PA,4.425,40.8615,-79.8962
 Cadillac, MI,5,44.2495,-85.4139
 Caldwell, NJ,5,39.7467,-81.5127
 Calgary, AB,3.261290323,51.083,-114.08
 California, PA,4.3375,40.0692,-79.9152
 Camarillo, CA,2.966666667,34.223,-119.0323
 Cambridge, CAMBRIDGESHIRE,5,45.5612,-93.2282
 Cambridge, MA,2.842857143,45.5612,-93.2282
 Cambridge, MN,4.5,45.5612,-93.2282
 Camden, NJ,3.88,34.2564,-80.6085
 Canton, MA,3.5,32.5976,-90.0315
 Canton, MI,2.8,32.5976,-90.0315
 Canton, NY,2.966666667,32.5976,-90.0315
 Canton, OH,4.275,32.5976,-90.0315
 Canyon, TX,3.833333333,34.9877,-101.918
 Cape Girardeau, MO,3.618181818,37.3108,-89.5596
 Carbondale, IL,4.05,37.722,-89.2238
 Carlisle, PA,2.9,39.5807,-84.3201
 Carrollton, GA,3.464285714,38.68,-85.1655
 Carson, CA,3.744444444,33.8374,-118.2559
 Carson City, NV,2.9,39.1512,-119.7474
 Casper, WY,4.3,42.8421,-106.3208
 Cedar City, UT,2.933333333,37.6835,-113.0957
 Cedar Falls, IA,3.944444444,42.5195,-92.4534
 Cedar Rapids, IA,3.125,41.9667,-91.6782
 Centralia, WA,3,38.5223,-89.1233
 Chambersburg, PA,3.75,39.9315,-77.6556
 Champaign, IL,3.46,40.1144,-88.2735
 Chandler, AZ,3.177777778,33.2827,-111.8516
 Chapel Hill, NC,3.653846154,35.9269,-79.039
 Charles Town, WV,2.975,39.2746,-77.8632
 Charleston, IL,3.57,32.8137,-79.9643
 Charleston, SC,3.583333333,32.8137,-79.9643
 Charlotte, NC,3.615217391,42.5662,-84.8304
 Charlottesville, VA,3.764285714,38.0375,-78.4855
 Charlottetown, PE,3.4,46.2493,-63.1313
 Chattanooga, TN,3.935,35.0657,-85.2488
 Cheney, WA,3.233333333,47.4902,-117.5789
 Chesapeake, VA,4.291666667,36.6778,-76.3024
 Chester, PA,3.62,34.705,-81.2132
 Chester, VA,3.74,34.705,-81.2132
 Chestertown, MD,4,39.2195,-76.071
 Cheyenne, WY,4.8,41.1406,-104.7926
 Chicago, IL,3.798742138,41.8373,-87.6861
 Chico, CA,4.12,39.7574,-121.815
 Chillicothe, OH,4.55,39.7953,-93.5498
 Chula Vista, CA,4.1,32.6281,-117.0145
 Cicero, IL,3.4,41.8445,-87.7593
 Cincinnati, OH,3.992307692,39.1412,-84.5059
 Claremont, CA,3.888888889,34.1259,-117.7153
 Clarion, PA,2.75,41.2106,-79.3803
 Clarksville, TN,3.752380952,38.3223,-85.7673
 Clemson, SC,3.565384615,34.6838,-82.8124
 Clermont, FL,2.3,28.5403,-81.7296
 Cleveland, GA,5,33.744,-90.7285
 Cleveland, MS,4.7,33.744,-90.7285
 Cleveland, OH,3.651351351,33.744,-90.7285
 Cleveland, TN,4.5,33.744,-90.7285
 Clinton, IA,4.266666667,34.4774,-81.864
 Clinton, NY,3.94,34.4774,-81.864
 Cocoa, FL,3.65,28.3821,-80.7675
 College Park, MD,3.090909091,38.9962,-76.9337
 College Place, WA,4.3,46.0431,-118.3869
 College Station, TX,4.3,30.5852,-96.296
 Collegeville, MN,4.1,40.1873,-75.4581
 Collegeville, PA,3.766666667,40.1873,-75.4581
 Colorado Springs, CO,3.886666667,38.8674,-104.7606
 Columbia, MD,3.6,37.1036,-85.3074
 Columbia, MO,3.46,37.1036,-85.3074
 Columbia, SC,3.830357143,37.1036,-85.3074
 Columbia, TN,3.34,37.1036,-85.3074
 Columbus, GA,3.823076923,33.5088,-88.4097
 Columbus, IN,3.316666667,33.5088,-88.4097
 Columbus, MS,4.3,33.5088,-88.4097
 Columbus, NE,1.5,33.5088,-88.4097
 Columbus, OH,3.996,33.5088,-88.4097
 Commerce, TX,5,34.2129,-83.4729
 Conway, AR,4.025,33.8404,-79.0419
 Conway, SC,4.438461538,33.8404,-79.0419
 Cookeville, TN,3.37,36.1484,-85.5114
 Coon Rapids, MN,4.4,45.1755,-93.3094
 Coral Gables, FL,3.87,25.7037,-80.2715
 Corinth, TX,4.04,34.9474,-88.5143
 Corpus Christi, TX,4.035294118,27.7173,-97.3822
 Corsicana, TX,5,32.0821,-96.468
 Cortland, NY,3.328571429,41.3319,-80.7192
 Corvallis, OR,3.613513514,44.5697,-123.278
 Costa Mesa, CA,3.980952381,33.6667,-117.9135
 Cottleville, MO,4.8,38.7511,-90.6587
 Council Bluffs, IA,3.65,41.2369,-95.8517
 Covington, KY,3.4,39.0334,-84.5166
 Crawfordsville, IN,3,40.0433,-86.8961
 Creston, IA,5,41.0597,-94.365
 Crookston, MN,3.5,47.7747,-96.6062
 Crossville, TN,2.1,35.9526,-85.0294
 Crystal Lake, IL,3.142857143,42.2334,-88.3352
 Culver City, CA,3.633333333,34.0058,-118.3968
 Cupertino, CA,4.5,37.3168,-122.0465
 Cypress, CA,4.15,33.8171,-118.0386
 Dahlonega, GA,4.05,34.5302,-83.9796
 Dallas, NC,3.3,44.922,-123.3137
 Dallas, PA,4.15,44.922,-123.3137
 Dallas, TX,3.924242424,44.922,-123.3137
 Dalton, GA,3.95,34.7689,-84.9711
 Danbury, CT,3.6375,41.4016,-73.471
 Danville, VA,3.45,37.642,-84.7769
 Davenport, IA,5,41.5563,-90.6052
 Davidson, NC,3.6,35.4862,-80.8271
 Davie, FL,3.728571429,26.079,-80.287
 Davis, CA,3.217647059,38.5552,-121.7365
 Dayton, OH,3.837142857,39.1127,-84.4639
 Daytona Beach, FL,3.67,29.1995,-81.0982
 De Pere, WI,4.05,44.4313,-88.0793
 De Queen, AR,5,34.0426,-94.342
 DeKalb, IL,3.829411765,41.9312,-88.7483
 DeLand, FL,5,29.0226,-81.2875
 Dearborn, MI,3.92,42.3127,-83.2129
 Decatur, AL,3.316666667,40.8301,-84.9281
 Decatur, GA,3.923529412,40.8301,-84.9281
 Decatur, IL,4.2,40.8301,-84.9281
 Decorah, IA,4.3,43.3016,-91.7845
 Defiance, OH,5,41.281,-84.366
 Delaware, OH,4.1,40.2866,-83.0747
 Delhi, NY,4.65,28.67,77.23
 Denton, TX,3.762745098,33.2176,-97.1421
 Denver, CO,3.444117647,39.7621,-104.8759
 Des Moines, IA,3.2,41.5725,-93.6104
 Des Moines, WA,3.928571429,41.5725,-93.6104
 Des Plaines, IL,4.26,42.0344,-87.9008
 Detroit, MI,4.041666667,42.3834,-83.1024
 Dothan, AL,1.3,31.2336,-85.4068
 Dover, DE,3.914285714,40.5302,-81.4805
 Dowagiac, MI,2.3,41.9834,-86.1126
 Downingtown, PA,4.033333333,40.0076,-75.7019
 Doylestown, PA,3.375,40.314,-75.128
 Dryden, NY,2.65,49.7833,-92.8333
 Dublin, VA,3.5,40.1111,-83.1452
 Dubuque, IA,4.65,42.5007,-90.7067
 Duluth, MN,3.628571429,46.7757,-92.1392
 Dundee, ANGUS,5,56.4704,-3
 Durango, CO,2.2,37.2744,-107.8701
 Durant, OK,4,33.9957,-96.3938
 Durham, NC,4.033333333,35.9797,-78.9037
 Durham, NH,2.833333333,35.9797,-78.9037
 Dyersburg, TN,5,36.0465,-89.3778
 Eagan, MN,1.8,44.817,-93.1638
 East Lansing, MI,2.05,42.748,-84.4835
 East Liverpool, OH,3,40.6333,-80.5677
 East Peoria, IL,3.53,40.6739,-89.5421
 East Stroudsburg, PA,4.3,41.0023,-75.1779
 Easton, PA,4.08,38.776,-76.0702
 Eau Claire, WI,2.683333333,44.8203,-91.4951
 Eden Prairie, MN,3.8,44.8488,-93.4595
 Edinboro, PA,3.8375,41.8762,-80.1246
 Edinburgh, EDINBURGH,4.5,55.9483,-3.2191
 Edmond, OK,4.078947368,35.6689,-97.4159
 Edmonton, AB,3.907894737,53.55,-113.5
 Edwardsville, IL,4.14,38.7924,-89.9876
 El Cajon, CA,3.625,32.8017,-116.9604
 El Paso, TX,3.946666667,31.8479,-106.4309
 Eldorado, KS,3.82,-26.2,-54.6
 Elgin, IL,4,42.0385,-88.3229
 Elizabeth, NJ,4.25,40.6657,-74.1912
 Elizabethtown, KY,4.15,37.703,-85.8772
 Elizabethtown, PA,4.425,37.703,-85.8772
 Elkhorn, NE,3.3,42.6711,-88.5377
 Ellensburg, WA,3.268181818,46.9994,-120.547
 Elmhurst, IL,3.85,41.8973,-87.9432
 Elon, NC,3.888888889,36.101,-79.5081
 Elyria, OH,3.355555556,41.3761,-82.1063
 Emmitsburg, MD,3.7,39.7051,-77.3216
 Emporia, KS,4.533333333,38.4028,-96.1924
 Encinitas, CA,4.5,33.0492,-117.2613
 Enfield, CT,4.4,51.6667,-0.0667
 Erie, PA,3.98,40.041,-105.0393
 Eugene, OR,3.477777778,44.0563,-123.1173
 Eunice, LA,4.1,30.4904,-92.4191
 Eureka, CA,3.8,38.5013,-90.6491
 Evansville, IN,3.883333333,37.9882,-87.5339
 Everett, WA,4.75,42.4064,-71.0545
 Fairbanks, AK,4,64.8353,-147.6533
 Fairfax, VA,3.9,37.9884,-122.595
 Fairfield, CA,4.327272727,39.3301,-84.5405
 Fairfield, CT,3.826315789,39.3301,-84.5405
 Fairfield, ME,3.3,39.3301,-84.5405
 Fairmont, WV,3.6,43.6441,-94.4621
 Fall River, MA,4.55,41.7136,-71.1015
 Falls Church, VA,4,38.8847,-77.1751
 Fargo, ND,4.003703704,46.8653,-96.8292
 Farmingdale, NY,4.7,40.7328,-73.4465
 Farmington, ME,3.8,42.4614,-83.3784
 Farmington Hills, MI,3.322222222,42.486,-83.3771
 Farmville, VA,3.714285714,37.2968,-78.3993
 Fayetteville, AR,3.617647059,33.45,-84.4708
 Fayetteville, NC,3.6,33.45,-84.4708
 Findlay, OH,3.82,41.0467,-83.6379
 Fitchburg, MA,4.166666667,42.5912,-71.8156
 Flagstaff, AZ,3.231578947,35.1872,-111.6195
 Flint, MI,3.489473684,43.0236,-83.6922
 Florence, AL,3.916666667,43.9912,-124.1061
 Florence, SC,4.033333333,43.9912,-124.1061
 Flushing, NY,3.796774194,43.0637,-83.8403
 Folsom, CA,4.5,38.6669,-121.1422
 Fond du Lac, WI,4.65,43.772,-88.4396
 Fort Collins, CO,3.636842105,40.5479,-105.0658
 Fort Lauderdale, FL,3.856716418,26.1412,-80.1464
 Fort Myers, FL,4.28,26.6195,-81.8302
 Fort Pierce, FL,3.477777778,27.4256,-80.3425
 Fort Smith, AR,3.94,35.3494,-94.3695
 Fort Valley, GA,4.8,32.5521,-83.8819
 Fort Wayne, IN,3.95,41.0885,-85.1436
 Fort Worth, TX,3.923880597,32.7814,-97.3473
 Franklin, IN,4.25,36.7163,-86.5587
 Frederick, MD,3.5625,39.4335,-77.4157
 Fredericksburg, VA,3.776923077,30.2671,-98.8757
 Fredericton, NB,4.371428571,45.95,-66.6333
 Fredonia, NY,3.8,42.4407,-79.3319
 Fremont, CA,3.5,41.3533,-83.1146
 Fremont, OH,5,41.3533,-83.1146
 Fresno, CA,4.140740741,36.7834,-119.7941
 Frostburg, MD,3.277777778,39.6506,-78.9269
 Fullerton, CA,4.058333333,33.8841,-117.9279
 Fulton, MO,5,38.8551,-91.951
 Fulton, MS,4,38.8551,-91.951
 Gadsden, AL,4.8,34.009,-86.0156
 Gaffney, SC,3,35.0742,-81.6558
 Gainesville, FL,3.88627451,34.2901,-83.8301
 Gainesville, TX,4.125,34.2901,-83.8301
 Galesburg, IL,4,40.9506,-90.3763
 Gallatin, TN,4.1,36.3783,-86.4696
 Galveston, TX,3.625,29.2487,-94.891
 Garden City, NY,3.766666667,37.9755,-100.8529
 Garden Grove, CA,3.35,33.7787,-117.9601
 Gary, IN,3.85,41.5906,-87.3472
 Gautier, MS,1,30.4106,-88.6568
 Geneseo, NY,3.95,41.4508,-90.154
 Geneva, NY,4.28,41.8007,-80.9461
 Georgetown, DE,3.75,38.2253,-84.5481
 Georgetown, SC,5,38.2253,-84.5481
 Germantown, MD,2.842857143,39.6324,-84.3645
 Gettysburg, PA,3.4,39.8304,-77.2339
 Glasgow, GLASGOW,1,37.0048,-85.9262
 Glassboro, NJ,3.35,39.7014,-75.1113
 Glen Ellyn, IL,3.85,41.8669,-88.063
 Glendale, AZ,3.407692308,38.5935,-90.3826
 Glendale, CA,3.51,38.5935,-90.3826
 Glendora, CA,3.78,34.1449,-117.8468
 Godfrey, IL,4.733333333,38.9581,-90.2156
 Golden, CO,2.925,39.7406,-105.2122
 Goldsboro, NC,4.85,35.3777,-77.972
 Graham, NC,4.2,36.0597,-79.3899
 Grand Forks, ND,3.56,47.9223,-97.0887
 Grand Junction, CO,1,39.0878,-108.5673
 Grand Rapids, MI,3.878571429,42.9615,-85.6557
 Granite City, IL,2,38.7296,-90.1263
 Grants Pass, OR,2.8,42.4333,-123.3317
 Granville, OH,2.9,40.0646,-82.5022
 Grayslake, IL,4.088888889,42.3405,-88.0339
 Great Falls, MT,5,47.5022,-111.2995
 Greeley, CO,3.491666667,40.415,-104.7696
 Green Bay, WI,2.333333333,44.515,-87.9896
 Greencastle, IN,3.65,39.6431,-86.8419
 Greensboro, NC,3.846153846,36.0956,-79.8269
 Greenville, IL,4.5,34.8363,-82.365
 Greenville, NC,3.7375,34.8363,-82.365
 Greenville, SC,4.07,34.8363,-82.365
 Greenwood, SC,3.8,34.1944,-82.1543
 Gresham, OR,4.057142857,45.5023,-122.4414
 Griffin, GA,3.5,33.2418,-84.2747
 Grinnell, IA,3.833333333,41.7373,-92.7244
 Groton, CT,4.466666667,41.339,-72.0727
 Grove City, PA,4.3,39.866,-83.0692
 Gulfport, FL,2.9,30.4271,-89.0703
 Gulfport, MS,3.9,30.4271,-89.0703
 Hackettstown, NJ,4.3,40.854,-74.8257
 Hagerstown, MD,4,39.6401,-77.7217
 Halifax, NS,3.3375,53.7167,-1.85
 Hamilton, NY,4.425,46.2527,-114.1598
 Hamilton, OH,2.3,46.2527,-114.1598
 Hamilton, ON,2.816666667,46.2527,-114.1598
 Hammond, IN,3.54,41.617,-87.4908
 Hammond, LA,4.265217391,41.617,-87.4908
 Hampton, VA,4.466666667,33.3836,-84.2855
 Hanover, IN,4.4,39.8117,-76.9835
 Hanover, NH,5,39.8117,-76.9835
 Harriman, TN,3.75,35.9306,-84.5603
 Harrisburg, PA,3.5,37.7373,-88.5457
 Harrisonburg, VA,4.078571429,38.4362,-78.8735
 Hartford, CT,3.681818182,43.621,-96.9424
 Hartsville, SC,4.5,34.3679,-80.0829
 Hattiesburg, MS,4.15,31.3072,-89.3168
 Haverhill, MA,4.366666667,42.7838,-71.0871
 Hays, KS,3.2,38.8814,-99.3217
 Hayward, CA,4.127777778,37.6328,-122.0772
 Hazleton, PA,4.8,40.9504,-75.9724
 Helena, MT,4.8,46.5964,-112.0197
 Hempstead, NY,3.706666667,40.7043,-73.6193
 Henderson, KY,4.8,37.8405,-87.5788
 Henderson, NC,4.4,37.8405,-87.5788
 Henderson, NV,3.7625,37.8405,-87.5788
 Hialeah, FL,3,25.8696,-80.3045
 Hickory, NC,1.5,35.7427,-81.3233
 High Point, NC,3.688888889,35.9902,-79.9938
 Highland, KS,2.1,40.4275,-111.7956
 Highland Heights, KY,3.325,39.0354,-84.4567
 Hillsboro, MO,5,45.5271,-122.9358
 Hillsboro, OH,2.35,45.5271,-122.9358
 Hoboken, NJ,3.5,40.7453,-74.0279
 Hoffman Estates, IL,5,42.0638,-88.1463
 Holland, MI,3.6125,42.7677,-86.0984
 Hollywood, FL,2.9,32.7523,-80.2107
 Holyoke, MA,3.05,42.2126,-72.6411
 Honolulu, HI,3.733333333,21.3294,-157.846
 Houghton, MI,3.15,47.1123,-88.5679
 Houston, TX,3.811377246,29.7868,-95.3905
 Hudson, NC,4.333333333,41.2399,-81.4408
 Huntington, WV,3.7,40.882,-85.5054
 Huntington Beach, CA,3.776923077,33.696,-118.0025
 Huntsville, AL,3.733333333,34.6989,-86.6414
 Huntsville, TX,4.009090909,34.6989,-86.6414
 Huron, OH,2.8,44.3622,-98.2102
 Hutchinson, KS,4.15,38.0671,-97.9081
 Imperial, CA,4.5,32.8375,-115.5719
 Independence, KS,5,44.8551,-123.1948
 Independence, MO,3.55,44.8551,-123.1948
 Indiana, PA,3.75,40.6219,-79.1552
 Indianapolis, IN,3.741666667,39.7771,-86.1458
 Inver Grove Heights, MN,4.55,44.8247,-93.0596
 Iola, KS,5,37.9273,-95.4006
 Iowa City, IA,4.133333333,41.6559,-91.5304
 Ironwood, MI,4,46.4522,-90.1505
 Irvine, CA,3.666666667,33.6772,-117.7738
 Irving, TX,3.416666667,32.8584,-96.9702
 Ithaca, NY,3.78,42.4442,-76.5032
 Jackson, MI,2.8,32.3163,-90.2124
 Jackson, MS,4.4,32.3163,-90.2124
 Jackson, TN,4.333333333,32.3163,-90.2124
 Jacksonville, AL,4.05,39.7292,-90.232
 Jacksonville, FL,3.769090909,39.7292,-90.232
 Jacksonville, NC,4.6,39.7292,-90.232
 Jamestown, NC,4.275,42.0975,-79.2366
 Jamestown, NY,4.9,42.0975,-79.2366
 Jefferson City, MO,2.6,38.5677,-92.1757
 Jefferson City, TN,4.1,38.5677,-92.1757
 Jersey City, NJ,3.883333333,40.7161,-74.0682
 Johnson City, TN,3.795238095,42.123,-75.9624
 Johnstown, PA,4.95,40.3499,-104.9479
 Joliet, IL,3.542857143,41.5193,-88.1501
 Jonesboro, AR,4.3,35.8212,-90.6795
 Joplin, MO,4.425,37.0766,-94.5016
 Juneau, AK,4.35,58.444,-134.1515
 Jupiter, FL,4,26.9199,-80.1127
 Kalamazoo, MI,3.844,42.2749,-85.5881
 Kalispell, MT,4.5,48.2155,-114.3262
 Kamloops, BC,3.316666667,50.6667,-120.3333
 Kansas City, KS,4.35,39.1234,-94.7443
 Kansas City, MO,3.464705882,39.1234,-94.7443
 Kearney, NE,3.633333333,39.3547,-94.3589
 Keene, NH,3.65,32.3955,-97.3226
 Kelowna, BC,4.033333333,49.9,-119.4833
 Kennesaw, GA,3.560606061,34.0262,-84.6177
 Kenosha, WI,3.96,42.5863,-87.8759
 Kent, OH,2.909090909,41.149,-81.361
 Kerrville, TX,5,30.0399,-99.1319
 Kilgore, TX,4.125,32.3979,-94.8603
 Killeen, TX,3.885714286,31.0754,-97.7293
 Kingman, AZ,3.55,35.217,-114.0105
 Kingston, ON,3.85,41.2652,-75.8875
 Kingston, RI,3.385,41.2652,-75.8875
 Kingstree, SC,3,33.6664,-79.8292
 Kingsville, TX,4.15,27.5095,-97.861
 Kinston, NC,3.1,35.2748,-77.5937
 Kirksville, MO,4.3,40.1986,-92.5753
 Kirtland, OH,3.728571429,41.5969,-81.3406
 Kissimmee, FL,3.829166667,28.3042,-81.4164
 Kitchener, ON,4.75,43.45,-80.5
 Klamath Falls, OR,2.766666667,42.2192,-121.7755
 Knoxville, TN,3.951219512,41.3188,-93.1024
 Kokomo, IN,4.5,40.464,-86.1277
 Kutztown, PA,3.88,40.5212,-75.7773
 La Crosse, WI,3.58,43.8241,-91.2268
 La Grande, OR,3.3,45.3243,-118.0865
 La Mirada, CA,4,33.9025,-118.0093
 La Plata, MD,3.675,38.5352,-76.9701
 La Verne, CA,2.9,34.1208,-117.7702
 Lafayette, LA,4.1,40.3991,-86.8594
 Laguna Beach, CA,4,33.5449,-117.7613
 Lake Charles, LA,3.142857143,30.203,-93.215
 Lake Forest, IL,3.8,42.238,-87.8596
 Lake Jackson, TX,3.3,29.0516,-95.4522
 Lake Worth, FL,4.111111111,26.6194,-80.059
 Lakeland, FL,3.73,35.2586,-89.7307
 Lakewood, CO,3.6,41.4824,-81.8008
 Lakewood, NJ,4.075,41.4824,-81.8008
 Lakewood, WA,3.82,41.4824,-81.8008
 Lancaster, CA,3.7125,34.7247,-80.7802
 Lancaster, PA,4.1,34.7247,-80.7802
 Lansing, MI,3.692592593,39.2427,-94.8952
 Laramie, WY,3.785714286,41.3099,-105.6086
 Laredo, TX,3.275,27.5616,-99.487
 Largo, MD,4.26,27.9088,-82.7713
 Las Cruces, NM,4.55,32.3265,-106.7893
 Las Vegas, NM,4,36.2291,-115.2607
 Las Vegas, NV,3.951785714,36.2291,-115.2607
 Latrobe, PA,3.175,40.3125,-79.3825
 Laurinburg, NC,2,34.7596,-79.4781
 Lawrence, KS,3.903125,38.9597,-95.2641
 Lawrenceville, GA,3.595454545,33.9524,-83.993
 Lawrenceville, NJ,3.7,33.9524,-83.993
 Lawton, OK,3.94,34.6171,-98.4204
 Leadville, CO,2.9,39.2467,-106.2935
 Lebanon, IL,3.9,44.5314,-122.9075
 Leeds, WEST YORKSHIRE,5,33.5429,-86.5636
 Leesburg, FL,3.3,28.7674,-81.8981
 Lethbridge, AB,2.942857143,49.7005,-112.8333
 Levelland, TX,4.02,33.5806,-102.3636
 Lewisburg, PA,4.1375,40.9642,-76.8901
 Lewisburg, WV,4.8,40.9642,-76.8901
 Lewiston, ID,3.4,44.0915,-70.1681
 Lewiston, ME,3.933333333,44.0915,-70.1681
 Lexington, KY,3.75,38.0423,-84.4587
 Lexington, NC,2,38.0423,-84.4587
 Lexington, VA,4.166666667,38.0423,-84.4587
 Lincoln, NE,3.518181818,40.1507,-89.372
 Lincoln, RI,2.7,40.1507,-89.372
 Lindsay, ON,3.8,36.2082,-119.0897
 Lisle, IL,4.433333333,41.7922,-88.0883
 Little Rock, AR,3.242857143,34.7255,-92.3581
 Littleton, CO,2.3,39.5911,-105.0194
 Livermore, CA,3.818181818,37.6861,-121.7608
 Liverpool, Lancashire,5,53.416,-2.918
 Livingston, AL,4.65,45.6667,-110.5538
 Livonia, MI,3.833333333,42.3972,-83.3733
 Lock Haven, PA,4.4,41.1365,-77.4521
 Locust Grove, VA,4.6,33.3436,-84.1067
 Logan, UT,3.575,41.7402,-111.8419
 London, LONDON,4.9,37.1209,-84.0804
 London, ON,3.333333333,37.1209,-84.0804
 Long Beach, CA,3.627272727,30.3608,-89.165
 Longview, WA,3.46,32.5192,-94.7622
 Los Altos Hills, CA,4.26,37.3672,-122.1391
 Los Angeles, CA,3.794252874,34.1139,-118.4068
 Louisville, KY,3.858823529,38.1662,-85.6488
 Lowell, MA,3.777777778,42.9351,-85.3457
 Lubbock, TX,3.881818182,33.5643,-101.8871
 Lufkin, TX,4.3,31.3217,-94.7277
 Lumberton, NC,4.3,34.6309,-79.0182
 Lynchburg, VA,3.371428571,37.4003,-79.1908
 Lynnwood, WA,4.425,47.8285,-122.3034
 Macomb, IL,3.777777778,40.4721,-90.6818
 Macomb, MI,3.790909091,40.4721,-90.6818
 Madera, CA,4.5,36.964,-120.0803
 Madison, IN,3.45,44.0062,-97.1084
 Madison, NJ,4,44.0062,-97.1084
 Madison, SD,3.75,44.0062,-97.1084
 Madison, WI,4.088888889,44.0062,-97.1084
 Madisonville, KY,3.7,37.341,-87.5033
 Malibu, CA,4.014285714,34.0368,-118.7845
 Malvern, PA,4.3,34.3689,-92.8187
 Manchester, CT,2,37.1464,-83.7635
 Manchester, NH,3.611111111,37.1464,-83.7635
 Manhattan, KS,3.461904762,39.1882,-96.6053
 Manhattan, NY,4.7,39.1882,-96.6053
 Mankato, Mankato,2.95,44.1712,-93.9773
 Mansfield, PA,4.2,40.7656,-82.5275
 Marietta, GA,3.627272727,39.4241,-81.4465
 Marion, AL,4.8,34.1787,-79.3965
 Marion, IN,3.7,34.1787,-79.3965
 Marion, OH,4.55,34.1787,-79.3965
 Marquette, MI,3.863636364,46.544,-87.4082
 Marshall, MN,4.15,42.2617,-84.9598
 Martin, TN,3.7,36.3385,-88.8513
 Marysville, CA,4.775,42.9083,-82.4806
 Maryville, MO,3.3,40.3429,-94.8709
 Matthews, NC,2.4,35.1195,-80.7101
 Mattoon, IL,3.816666667,39.4774,-88.3623
 Maysville, KY,5,38.6454,-83.7911
 McAllen, TX,4.26,26.2325,-98.2467
 McKinney, TX,3.673684211,33.2016,-96.6669
 McMinnville, OR,4.633333333,45.211,-123.1918
 Meadville, PA,4.1,41.6476,-80.1467
 Mechanicsburg, PA,4.4,40.2115,-77.006
 Medford, MA,3.985714286,42.3372,-122.8537
 Medford, OR,4.5,42.3372,-122.8537
 Media, PA,3.935294118,39.9198,-75.3888
 Medicine Hat, AB,4,50.0333,-110.6833
 Melbourne, FL,4.7,28.1084,-80.6628
 Memphis, TN,3.987179487,35.1047,-89.9773
 Menasha, WI,3.9,44.2125,-88.4271
 Mequon, WI,3.5,43.2352,-87.9838
 Merced, CA,4,37.3058,-120.4778
 Meridian, MS,4.5,32.3846,-88.6897
 Mesa, AZ,3.52,33.4017,-111.7181
 Mesquite, TX,4.04,36.8035,-114.1325
 Miami, FL,3.732876712,36.8877,-94.8718
 Miami, OK,4.5,36.8877,-94.8718
 Miami Gardens, FL,4,25.9433,-80.2425
 Miami Shores, FL,3.233333333,25.867,-80.1779
 Middlesex, NJ,4,40.5744,-74.5011
 Middletown, CT,4,38.241,-85.5216
 Middletown, NY,3.9,38.241,-85.5216
 Middletown, OH,3.6,38.241,-85.5216
 Middletown, PA,3.9,38.241,-85.5216
 Middletown, VA,4.05,38.241,-85.5216
 Midlothian, VA,4.083333333,41.6254,-87.7243
 Midwest City, OK,4.9,35.463,-97.371
 Milledgeville, GA,2.98,33.0874,-83.2414
 Millersville, PA,3.433333333,40.0047,-76.3522
 Milton, MA,4.3,34.1353,-84.3138
 Milwaukee, WI,3.765714286,43.064,-87.9669
 Minneapolis, MN,3.890566038,44.9635,-93.2678
 Minot, ND,1.8,48.2374,-101.278
 Miramar, FL,4.4,25.9773,-80.3358
 Mission Viejo, CA,4.0875,33.6095,-117.6551
 Missoula, MT,3.525,46.8685,-114.0094
 Moberly, MO,3.1,39.4185,-92.4364
 Mobile, AL,3.509090909,30.6783,-88.1162
 Modesto, CA,4.372727273,37.6374,-121.0028
 Moline, IL,4.475,41.482,-90.4919
 Monaca, PA,1.5,40.6833,-80.2736
 Moncks Corner, SC,5,33.1715,-80.0122
 Moncton, NB,3.633333333,46.0833,-64.7667
 Monmouth, IL,4.65,44.8505,-123.2283
 Monmouth, OR,3.825,44.8505,-123.2283
 Monroe, LA,4.266666667,41.9154,-83.3849
 Monroe, MI,5,41.9154,-83.3849
 Montclair, NJ,3.744444444,34.0714,-117.6981
 Monterey, CA,4.2,36.5922,-121.8807
 Monterey Park, CA,3.666666667,34.0497,-118.1325
 Montevallo, AL,4.6,33.1254,-86.848
 Montgomery, AL,3.96,39.2494,-84.3457
 Montreal, QC,3.780769231,45.5,-73.5833
 Moorhead, MN,3.142857143,46.8674,-96.746
 Moorpark, CA,3.58125,34.2855,-118.877
 Moraga, CA,4.1,37.8438,-122.1225
 Morehead, KY,4.3,38.1906,-83.4466
 Moreno Valley, CA,2.5,33.9244,-117.2045
 Morganton, NC,2.55,35.7407,-81.7002
 Morgantown, WV,4.171428571,39.638,-79.9468
 Morris, MN,3.75,45.5856,-95.9047
 Morristown, NJ,4,36.2043,-83.3001
 Morristown, TN,2.8,36.2043,-83.3001
 Morrow, GA,3.95,33.5816,-84.3391
 Moscow, ID,3.5,46.7307,-116.9986
 Mount Olive, NC,1,35.1997,-78.0663
 Mount Pleasant, MI,3.6,32.8533,-79.8269
 Mount Vernon, IA,4.8,40.3854,-82.4732
 Mount Vernon, WA,3.3,40.3854,-82.4732
 Muncie, IN,4.1625,40.1989,-85.395
 Murfreesboro, TN,3.936842105,35.8493,-86.4098
 Murray, KY,3.722222222,36.6145,-88.3206
 Muscle Shoals, AL,3.425,34.7436,-87.6344
 Muskegon, MI,4.22,43.2281,-86.2562
 Muskogee, OK,2.5,35.743,-95.3566
 Nacogdoches, TX,3.827272727,31.6135,-94.6528
 Nanaimo, BC,3.366666667,49.146,-123.9343
 Nanticoke, PA,4.8,41.2004,-76.0003
 Napa, CA,3.725,38.2977,-122.3011
 Naperville, IL,4.6,41.7483,-88.1657
 Naples, FL,4.133333333,26.1504,-81.7936
 Nashua, NH,3.366666667,42.7491,-71.491
 Nashville, TN,3.957777778,36.1714,-86.7844
 Natchitoches, LA,3.125,31.7317,-93.0979
 New Albany, IN,3.842857143,34.4909,-89.0201
 New Bern, NC,4.9,35.0955,-77.0724
 New Britain, CT,3.686956522,41.6758,-72.7862
 New Brunswick, NJ,3.465384615,40.487,-74.445
 New Castle, DE,3.6625,39.919,-85.3697
 New Castle, PA,3.9,39.919,-85.3697
 New Haven, CT,3.611111111,41.3112,-72.9245
 New London, CT,4.5,41.3502,-72.1023
 New London, NH,3.8,41.3502,-72.1023
 New Orleans, LA,3.457692308,30.0687,-89.9288
 New Paltz, NY,3.51875,41.7495,-74.0809
 New Port Richey, FL,3.56,28.2468,-82.717
 New Rochelle, NY,3.033333333,40.9305,-73.7836
 New York, NY,3.794298246,40.6943,-73.9249
 Newark, DE,3.775,40.0705,-82.425
 Newark, NJ,3.5625,40.0705,-82.425
 Newark, OH,3.333333333,40.0705,-82.425
 Newberg, OR,2.3,45.3071,-122.9598
 Newberry, SC,1,34.2822,-81.6012
 Newburgh, NY,2.85,41.5037,-74.0205
 Newport, RI,3.1,44.6231,-124.0524
 Newport News, VA,3.95,37.1051,-76.5185
 Newton, MA,4.7,38.0364,-97.3463
 Newton, NJ,4.15,38.0364,-97.3463
 Niceville, FL,4.4,30.5291,-86.4754
 Norco, CA,4.65,33.9253,-117.55
 Norfolk, VA,3.95625,42.035,-97.4208
 Normal, IL,4.121428571,40.522,-88.9877
 Norman, OK,3.566666667,35.2335,-97.3471
 North Adams, MA,3.05,42.6844,-73.1166
 North Bay, ON,3.966666667,46.3,-79.45
 North Canton, OH,3.671428571,40.8743,-81.3971
 North East, MD,4.8,42.2134,-79.8333
 North Little Rock, AR,4.2,34.7814,-92.2378
 North Mankato, MN,4.033333333,44.1811,-94.038
 Northampton, MA,3.775,42.3266,-72.6745
 Northfield, MN,4.0375,44.455,-93.1698
 Northfield, VT,4,44.455,-93.1698
 Norton, MA,4,41.0294,-81.6461
 Norwalk, CA,3.845454545,41.2443,-82.6088
 Norwalk, CT,2.7,41.2443,-82.6088
 Norwich, CT,2.8,41.5495,-72.0882
 Novi, MI,3.766666667,42.4786,-83.4893
 Nyack, NY,4.35,41.0919,-73.9143
 Oak Ridge, TN,3.15,35.9639,-84.2938
 Oakdale, NY,3.628571429,44.9876,-92.9641
 Oakdale, PA,3,44.9876,-92.9641
 Oakland, CA,3.62,37.7903,-122.2165
 Oakwood, GA,3.8,39.7202,-84.1733
 Oberlin, OH,3.625,41.2857,-82.2197
 Ocala, FL,4.366666667,29.1803,-82.1495
 Oceanside, CA,4.171428571,33.2247,-117.3083
 Ogden, UT,3.959090909,41.228,-111.9677
 Oklahoma City, OK,4.1,35.4676,-97.5136
 Olympia, WA,3.533333333,47.0418,-122.8959
 Omaha, NE,4.138888889,41.2628,-96.0495
 Oneonta, NY,3.828571429,33.9392,-86.4929
 Ontario, CA,5,44.0259,-116.976
 Opelika, AL,4.9,32.6621,-85.3772
 Orange, CA,4.083333333,33.8038,-117.8219
 Orange, TX,4.4,33.8038,-117.8219
 Orange Beach, AL,5,30.2941,-87.5851
 Orange City, IA,4.4,43.0021,-96.0567
 Orange Park, FL,4.25,30.1706,-81.704
 Orangeburg, NY,4.32,33.4928,-80.8671
 Oregon City, OR,4.058333333,45.3418,-122.5938
 Orem, UT,3.431818182,40.2983,-111.6993
 Orillia, ON,2.8,44.6,-79.4167
 Orlando, FL,3.986206897,28.4788,-81.342
 Orono, ME,3.388888889,44.9644,-93.5909
 Oroville, CA,3.85,39.4999,-121.5634
 Orrville, OH,4.3,40.8482,-81.7747
 Oshawa, ON,4.1,43.88,-78.85
 Oshkosh, WI,3.872727273,44.0228,-88.5616
 Oswego, NY,3.57,41.6834,-88.3372
 Ottawa, ON,3.84,38.6,-95.2642
 Overland Park, KS,3.766666667,38.887,-94.687
 Oviedo, FL,3.733333333,28.6579,-81.187
 Owensboro, KY,3,37.7575,-87.1172
 Owosso, MI,3.833333333,42.9954,-84.1759
 Oxford, GA,3.2,34.3609,-89.5286
 Oxford, MS,2.5,34.3609,-89.5286
 Oxford, OH,4.042857143,34.3609,-89.5286
 Oxford, OXFORDSHIRE,5,34.3609,-89.5286
 Oxnard, CA,4.85,34.1962,-119.1819
 Ozark, AR,3.8,37.0361,-93.2154
 Paducah, KY,3.25,37.0711,-88.6436
 Palatine, IL,3.957142857,42.1181,-88.043
 Palm Bay, FL,3.38,27.9861,-80.6628
 Palm Desert, CA,4.26,33.7378,-116.3695
 Palos Heights, IL,4.1,41.6637,-87.7959
 Palos Hills, IL,3.4875,41.6986,-87.8266
 Panama City, FL,5,30.1997,-85.6003
 Paramus, NJ,3.692307692,40.9455,-74.0712
 Paris, TX,2.5,38.2015,-84.2717
 Parkersburg, WV,4.5,39.2623,-81.5419
 Pasadena, CA,3.125,34.1598,-118.139
 Pasadena, TX,3.911764706,34.1598,-118.139
 Pasco, WA,3.65,46.2503,-119.1298
 Patchogue, NY,3.675,40.7621,-73.0185
 Paterson, NJ,3.833333333,40.9147,-74.1624
 Pembroke, NC,4.666666667,34.6766,-79.1934
 Pembroke Pines, FL,5,26.0128,-80.3387
 Pendleton, SC,4.5,45.6747,-118.8172
 Pensacola, FL,4.3,30.4427,-87.1886
 Peoria, IL,4.366666667,33.7844,-112.2989
 Pepper Pike, OH,2.9,41.4801,-81.4619
 Peterborough, ON,4.05,52.5804,-0.25
 Petersburg, VA,4.5,37.2043,-77.3913
 Petoskey, MI,3.616666667,45.3649,-84.9887
 Pewaukee, WI,3,43.0854,-88.2525
 Philadelphia, PA,3.848979592,32.7761,-89.1221
 Phoenix, AZ,3.475,33.5722,-112.0891
 Pine Bluff, AR,4.9,34.2116,-92.0178
 Piqua, OH,2,40.1504,-84.2439
 Pittsburg, CA,4.233333333,37.4129,-94.6987
 Pittsburg, KS,2.928571429,37.4129,-94.6987
 Pittsburgh, PA,3.65942029,40.4396,-79.9763
 Plainfield, NJ,3,39.6957,-86.3706
 Platteville, WI,3.136363636,42.7279,-90.4676
 Plattsburgh, NY,3.775,44.6951,-73.4563
 Pleasant Hill, CA,4.176923077,38.8061,-94.2655
 Pocatello, ID,3.590909091,42.8716,-112.4656
 Pomona, CA,4.2,34.0585,-117.7625
 Pomona, Pomona,3.8,34.0585,-117.7625
 Port Huron, MI,2.95,42.9822,-82.4387
 Porterville, CA,4.8,36.0644,-119.0337
 Portland, ME,2.9,45.5372,-122.65
 Portland, OR,3.674444444,45.5372,-122.65
 Portsmouth, OH,4.5625,38.7539,-82.9446
 Portsmouth, VA,4.3,38.7539,-82.9446
 Potsdam, NY,4.733333333,44.6699,-74.9831
 Poughkeepsie, NY,3.727777778,41.6949,-73.921
 Prairie View, TX,3.05,30.085,-95.9897
 Prescott, AZ,4.4,34.5849,-112.4475
 Prescott Valley, AZ,3.133333333,34.5982,-112.3178
 Presque Isle, ME,4,46.6868,-67.9874
 Princess Anne, MD,3.4,38.2053,-75.6969
 Princeton, NJ,3.566666667,37.1068,-87.8853
 Providence, RI,3.761111111,41.8229,-71.4186
 Provo, UT,4.14,40.2458,-111.6457
 Pueblo, CO,5,38.2701,-104.6131
 Pullman, WA,3.403030303,46.7342,-117.1661
 Punta Gorda, FL,3.9,26.8932,-82.0517
 Quebec, QC,4.8,46.84,-71.2456
 Queens, NY,4,40.7498,-73.7976
 Quincy, FL,3.8,42.2516,-71.0183
 Quincy, IL,4.2,42.2516,-71.0183
 Radford, VA,3.988235294,37.1229,-80.5587
 Rainsville, AL,4.766666667,34.4939,-85.8435
 Raleigh, NC,3.65483871,35.8323,-78.6439
 Rancho Cucamonga, CA,3.644444444,34.1247,-117.5664
 Rapid City, SD,4,44.0716,-103.2205
 Reading, PA,4.05,39.2241,-84.4332
 Red Deer, AB,3.825,52.2666,-113.8
 Redding, CA,3.24,40.5698,-122.365
 Redlands, CA,4.575,34.0512,-117.171
 Redmond, WA,4.6,44.2631,-121.1798
 Redwood City, CA,2.666666667,37.5026,-122.2252
 Reedley, CA,4.7,36.5983,-119.4473
 Regina, SK,3.542857143,50.45,-104.617
 Reno, NV,3.558333333,39.5497,-119.8483
 Rexburg, ID,4.007692308,43.822,-111.7926
 Rice Lake, WI,1.5,45.4864,-91.7447
 Richardson, TX,3.546153846,32.9717,-96.7092
 Richfield, MN,5,44.8762,-93.2833
 Richland, WA,5,32.2309,-90.1592
 Richlands, VA,4.266666667,37.0879,-81.808
 Richmond, BC,3.353333333,37.7241,-84.2928
 Richmond, IN,4.5,37.7241,-84.2928
 Richmond, KY,3.603846154,37.7241,-84.2928
 Richmond, TX,4.266666667,37.7241,-84.2928
 Richmond, VA,3.911363636,37.7241,-84.2928
 River Falls, WI,3.572727273,44.86,-92.6221
 River Forest, IL,3.85,41.895,-87.8194
 River Grove, IL,3.955555556,41.9243,-87.8379
 Riverdale, NY,4.225,41.1734,-112.0024
 Riverside, CA,3.888461538,39.7836,-84.122
 Roanoke, VA,3.783333333,33.0148,-97.2268
 Rochester, MI,3.175,42.6866,-83.1197
 Rochester, MN,3.625,42.6866,-83.1197
 Rochester, NY,3.637209302,42.6866,-83.1197
 Rock Hill, SC,3.755555556,34.9413,-81.025
 Rock Island, IL,4.6,41.4699,-90.5827
 Rock Springs, GA,5,41.595,-109.2237
 Rockford, IL,3.275,43.1267,-85.5582
 Rocklin, CA,3.61,38.8075,-121.2488
 Rockville, MD,3.842857143,39.0834,-77.1553
 Rockville Centre, NY,3.933333333,40.6643,-73.6383
 Rocky Mount, NC,4.5,35.9676,-77.8047
 Rohnert Park, CA,4.066666667,38.348,-122.6964
 Rolla, MO,4.75,37.9458,-91.7608
 Rome, GA,3.716666667,34.2662,-85.1862
 Rome, NY,3.1,34.2662,-85.1862
 Romeoville, IL,4.083333333,41.6317,-88.1
 Roseburg, OR,4.2,43.2229,-123.3519
 Roseville, CA,2.75,42.5074,-82.9369
 Roswell, NM,3.533333333,34.0391,-84.3513
 Roxboro, NC,5,36.3905,-78.9811
 Royal Oak, MI,3.68,42.5084,-83.1539
 Russellville, AR,3.961538462,36.8393,-86.895
 Ruston, LA,3.72,32.5329,-92.6364
 Sacramento, CA,3.85,38.5667,-121.4683
 Sacramento, Sacramento,4.025,38.5667,-121.4683
 Salem, MA,4.13,44.9232,-123.0245
 Salem, OR,3.922222222,44.9232,-123.0245
 Salem, VA,3.1,44.9232,-123.0245
 Salinas, CA,4.333333333,36.6881,-121.6316
 Salisbury, MD,3.75,38.3755,-75.5867
 Salt Lake City, UT,3.665,40.7774,-111.9301
 San Angelo, TX,4.1375,31.4426,-100.4501
 San Antonio, TX,3.696969697,29.4722,-98.5247
 San Bernardino, CA,4.155,34.1412,-117.2936
 San Bruno, CA,3.642857143,37.6254,-122.4313
 San Diego, CA,3.933333333,32.8312,-117.1226
 San Francisco, CA,3.813953488,37.7562,-122.443
 San Jacinto, CA,3.814285714,33.797,-116.9915
 San Jose, CA,3.797297297,37.3018,-121.8485
 San Luis Obispo, CA,3.964705882,35.2671,-120.6689
 San Marcos, CA,4.38125,33.1349,-117.1744
 San Marcos, TX,3.788888889,33.1349,-117.1744
 San Mateo, CA,3.75,37.5522,-122.3122
 San Pablo, CA,4.425,37.9628,-122.3425
 San Ramon, CA,4.8,37.7625,-121.9365
 Sanford, FL,3.664285714,43.4244,-70.7573
 Sanford, NC,3.7,43.4244,-70.7573
 Santa Ana, CA,3.64,33.7366,-117.8819
 Santa Barbara, CA,3.848275862,34.4285,-119.7202
 Santa Clara, CA,3.637931034,37.1311,-113.656
 Santa Cruz, CA,3.484615385,36.9788,-122.0346
 Santa Fe, NM,3.45,29.3891,-95.1005
 Santa Maria, CA,3.933333333,34.9333,-120.4432
 Santa Monica, CA,3.85,34.0232,-118.4813
 Santa Rosa, CA,3.616666667,38.4465,-122.706
 Sarasota, FL,4.44,27.3391,-82.5439
 Saratoga, CA,3.64,37.2682,-122.0264
 Saratoga Springs, NY,4.155555556,40.3447,-111.9154
 Saskatoon, SK,4.128571429,52.17,-106.67
 Sault Sainte Marie, MI,2.8,46.4817,-84.3723
 Savannah, GA,4.088,39.939,-94.8279
 Scarborough, ON,4.3,54.2804,-0.43
 Schaumburg, IL,3.5,42.0307,-88.0838
 Schenectady, NY,3.5,42.8025,-73.9276
 Scottsbluff, NE,4.9,41.8677,-103.6619
 Scottsdale, AZ,3.975,33.6872,-111.865
 Scranton, PA,4.414285714,41.4044,-75.6649
 Searcy, AR,4.275,35.2418,-91.7351
 Seaside, CA,4.1,45.9889,-123.9214
 Seattle, WA,3.885416667,47.6211,-122.3244
 Seguin, TX,2.6,29.5894,-97.9659
 Selinsgrove, PA,1.3,40.8003,-76.8647
 Seminole, OK,1,35.2346,-96.65
 Senatobia, MS,3.8,34.6081,-89.9762
 Shawnee, OK,3,39.0158,-94.8076
 Shepherdstown, WV,3.657142857,39.4318,-77.8048
 Sherbrooke, QC,2.75,45.4,-71.9
 Sherman, TX,3.95,33.6266,-96.6195
 Shippensburg, PA,3.75,40.0485,-77.5227
 Shoreline, WA,4.25,47.7564,-122.3426
 Shreveport, LA,3.99,32.4659,-93.7959
 Sidney, MI,5,47.7152,-104.168
 Sierra Vista, AZ,3.62,31.563,-110.3153
 Sioux Falls, SD,4.4,43.5397,-96.7322
 Skokie, IL,3.5,42.0359,-87.74
 Slippery Rock, PA,3.841666667,41.0695,-80.058
 Smithfield, NC,4.8,41.8347,-111.8266
 Smithfield, RI,3.216666667,41.8347,-111.8266
 Socorro, NM,4.5,31.6385,-106.2601
 Somerset, KY,3,37.0815,-84.6089
 Sonora, CA,3.1,37.9819,-120.3828
 South Bend, IN,4.083333333,41.6771,-86.2692
 South Charleston, WV,2,38.3482,-81.711
 South Holland, IL,2.1,41.5977,-87.6022
 South Portland, ME,3.8,43.631,-70.2895
 Southfield, MI,4.35,42.4765,-83.2605
 Spartanburg, SC,4.2125,34.9437,-81.9257
 Spokane, WA,3.777777778,47.6671,-117.433
 Springfield, IL,4.333333333,44.0538,-122.9811
 Springfield, MA,3.754545455,44.0538,-122.9811
 Springfield, MO,3.843137255,44.0538,-122.9811
 Springfield, OH,3.825,44.0538,-122.9811
 St. Petersburg, FL,3.980769231,59.939,30.316
 Stamford, CT,2.5,41.1036,-73.5583
 Starkville, MS,4.218181818,33.4608,-88.8297
 State College, PA,5,40.7909,-77.8568
 Staten Island, NY,3.632,40.5834,-74.1496
 Statesboro, GA,3.716666667,32.4376,-81.775
 Statesville, NC,3,35.7838,-80.8711
 Stephenville, TX,4.04,32.2148,-98.2205
 Stevens Point, WI,3.846153846,44.5241,-89.5508
 Stillwater, OK,4.38,45.0573,-92.8313
 Stockton, CA,3.942857143,37.9766,-121.3112
 Sudbury, ON,4.26,46.5,-80.9666
 Suffern, NY,3.34,41.1138,-74.1421
 Sugar Grove, IL,4.28,41.7758,-88.448
 Sugar Land, TX,4.7,29.5965,-95.6293
 Sumter, SC,2.8,33.9392,-80.393
 Sunderland, TYNE AND WEAR,2.9,54.92,-1.38
 Superior, WI,3.3,39.9346,-105.1586
 Swainsboro, GA,4,32.5866,-82.3345
 Swarthmore, PA,4.1,39.9022,-75.3488
 Sydney, NS,3.8,46.0661,-60.18
 Syracuse, NY,3.8025,41.0863,-112.0695
 Tacoma, WA,3.94,47.2431,-122.4531
 Tahlequah, OK,3.5,35.9116,-94.9773
 Takoma Park, MD,3.675,38.981,-77.0028
 Tallahassee, FL,3.822222222,30.455,-84.2526
 Tampa, FL,4.014285714,27.9937,-82.4454
 Taylor, MI,3.25,42.226,-83.2688
 Tempe, AZ,3.846428571,33.3881,-111.9318
 Temple, TX,5,31.1076,-97.3894
 Terre Haute, IN,3.869230769,39.4654,-87.3763
 Terrell, TX,2.7,32.7328,-96.292
 Thatcher, AZ,3.5,32.832,-109.7595
 Thibodaux, LA,3.9,29.7941,-90.8163
 Thousand Oaks, CA,4.366666667,34.1914,-118.8755
 Thunder Bay, ON,2.4,48.4462,-89.275
 Tiffin, OH,2.5,41.1165,-83.1805
 Tifton, GA,3.275,31.4625,-83.5205
 Toledo, OH,3.852380952,41.6639,-83.5822
 Topeka, KS,2.266666667,39.0346,-95.6956
 Toronto, ON,3.906818182,43.7,-79.42
 Torrance, CA,3.8625,33.8346,-118.3417
 Traverse City, MI,3,44.7547,-85.6035
 Troy, AL,2.95,42.5818,-83.1457
 Troy, MI,3.425,42.5818,-83.1457
 Troy, NY,3.583333333,42.5818,-83.1457
 Tucson, AZ,3.924074074,32.1546,-110.8782
 Tullahoma, TN,3.4,35.372,-86.2173
 Tulsa, OK,4.103703704,36.1284,-95.9042
 Turlock, CA,2.566666667,37.5053,-120.8588
 Tuscaloosa, AL,3.9275,33.2349,-87.5267
 Tuskegee, AL,1.5,32.4396,-85.7139
 Twin Falls, ID,4.2,42.5645,-114.4611
 Tyler, TX,4.015384615,32.3184,-95.3065
 Ukiah, CA,4.666666667,39.1462,-123.2104
 Union, MO,1.3,38.9472,-84.6731
 Union, NJ,3.25,38.9472,-84.6731
 Universal City, TX,3.9,29.5521,-98.3074
 University Heights, OH,3.75,41.4948,-81.5348
 University Park, IL,4.45,41.446,-87.7154
 University Park, PA,3.803030303,41.446,-87.7154
 Upland, IN,4,34.1178,-117.6603
 Urbana, OH,5,40.1088,-83.7541
 Utica, NY,4.115384615,43.0961,-75.226
 Valdosta, GA,3.886666667,30.8503,-83.2789
 Valencia, CA,3.733333333,39.485,-0.4
 Valley City, ND,4.366666667,46.9223,-98.0055
 Valparaiso, IN,4.1,41.4781,-87.0507
 Vancouver, BC,3.428,45.6352,-122.597
 Vancouver, WA,3.359090909,45.6352,-122.597
 Vermillion, SD,4.266666667,42.7811,-96.9256
 Vernon, BC,4.2,34.148,-99.3
 Victoria, BC,3.619047619,44.8634,-93.6586
 Victorville, CA,3.875,34.5277,-117.3537
 Vidalia, GA,4,32.2134,-82.4035
 Vineland, NJ,4.75,39.4653,-74.9981
 Virginia Beach, VA,4.063636364,36.7335,-76.0435
 Visalia, CA,3.52,36.3273,-119.3264
 Waco, TX,3.926315789,31.5597,-97.1883
 Walla Walla, WA,4.75,46.067,-118.3365
 Walnut, CA,4.433333333,34.0334,-117.8593
 Waltham, MA,4.242857143,42.3889,-71.2423
 Warner Robins, GA,4,32.598,-83.6528
 Warren, MI,4.2,42.4934,-83.027
 Warrensburg, MO,2.45,38.7617,-93.7283
 Warwick, RI,4.433333333,41.7062,-71.4334
 Washington, DC,3.757843137,38.5515,-91.0151
 Washington, NC,4.5,38.5515,-91.0151
 Washington, NJ,3.82,38.5515,-91.0151
 Washington, PA,4,38.5515,-91.0151
 Waterbury, CT,3.766666667,41.5583,-73.0361
 Waterford, MI,4.7,37.6429,-120.7553
 Waterloo, IA,4.25,42.492,-92.3522
 Waterloo, ON,3.526315789,42.492,-92.3522
 Waterville, ME,4.26,41.5014,-83.7367
 Waukesha, WI,3.3,43.0087,-88.2464
 Wausau, WI,4.02,44.9615,-89.6436
 Waxahachie, TX,4.7,32.4036,-96.8428
 Wayne, NE,2.5,42.2774,-83.3877
 Wayne, NJ,3.835714286,42.2774,-83.3877
 Waynesburg, PA,2.9,39.8983,-80.1855
 Weatherford, OK,4.8,35.5385,-98.6872
 Weatherford, TX,3.1,35.5385,-98.6872
 Wenatchee, WA,5,47.4338,-120.3285
 West Bend, WI,4.2,43.4184,-88.1822
 West Chester, PA,3.873684211,39.9601,-75.6058
 West Covina, CA,4.8,34.0555,-117.9113
 West Haven, CT,3.244444444,41.2082,-112.0538
 West Lafayette, IN,3.69047619,40.4432,-86.9239
 West Long Branch, NJ,3.6,40.2883,-74.0185
 West Palm Beach, FL,2,26.7467,-80.1314
 West Plains, MO,1.5,36.7378,-91.868
 Westbury, NY,3.85,40.7599,-73.5891
 Westerville, OH,3.16,40.1241,-82.9209
 Westfield, MA,3,42.1382,-72.7561
 Westminster, CO,4.4,39.5797,-77.0064
 Westminster, MD,4.366666667,39.5797,-77.0064
 Weston, MA,2.5,26.1006,-80.4057
 Westville, IN,5,41.5381,-86.9054
 Wheaton, IL,3.872727273,41.8561,-88.1083
 Wheeling, WV,3.3,42.1308,-87.9239
 White Bear Lake, MN,3.889473684,45.0655,-93.0149
 White Plains, NY,4.3,41.022,-73.7548
 Whitewater, WI,3.51,42.8372,-88.7341
 Whittier, CA,4.315384615,33.9678,-118.0188
 Wichita, KS,3.36,37.6897,-97.3442
 Wichita Falls, TX,3.442857143,33.9072,-98.5293
 Williamsburg, KY,4.5,36.7392,-84.1647
 Williamsburg, VA,4.009090909,36.7392,-84.1647
 Williamsport, PA,4.525,41.2398,-77.0371
 Williamsville, NY,3.333333333,42.9623,-78.7418
 Wilmington, DE,4,39.4387,-83.8184
 Wilmington, NC,3.534375,39.4387,-83.8184
 Winchester, VA,5,38.0014,-84.1907
 Windsor, ON,3.8,40.4679,-104.9214
 Winnipeg, MB,3.322222222,49.883,-97.166
 Winona, MN,3.705882353,44.0509,-91.6689
 Winooski, VT,5,44.4951,-73.1842
 Winston-Salem, NC,3.933333333,36.1029,-80.261
 Winter Haven, FL,3.9,28.0122,-81.7018
 Winter Park, FL,3.75,28.5986,-81.3436
 Wooster, OH,3.8,40.8167,-81.9338
 Worcester, MA,3.727272727,42.2705,-71.8079
 Yankton, SD,5,42.89,-97.3924
 York, PA,3.233333333,34.9968,-81.2348
 Youngstown, OH,4.036363636,41.0993,-80.6463
 Ypsilanti, MI,3.89375,42.2437,-83.6205
 Yucaipa, CA,4.3,34.0336,-117.0426
 Yuma, AZ,3.866666667,32.5991,-114.5488
 Zanesville, OH,3.733333333,39.9567,-82.0133
